Player,Name,Salary
stephencurry,Stephen Curry,"$45,780,966"
jamesharden,James Harden,"$44,310,840"
johnwall,John Wall,"$44,310,840"
russellwestbrook,Russell Westbrook,"$44,211,146"
lebronjames,LeBron James,"$41,180,544"
kevindurant,Kevin Durant,"$40,918,900"
paulgeorge,Paul George,"$39,344,970"
kawhileonard,Kawhi Leonard,"$39,344,900"
giannisantetokounmpo,Giannis Antetokounmpo,"$39,344,900"
damianlillard,Damian Lillard,"$39,344,900"
klaythompson,Klay Thompson,"$37,980,720"
jimmybutler,Jimmy Butler,"$36,016,200"
tobiasharris,Tobias Harris,"$35,995,950"
khrismiddleton,Khris Middleton,"$35,500,000"
anthonydavis,Anthony Davis,"$35,361,360"
kyrieirving,Kyrie Irving,"$35,053,700"
kembawalker,Kemba Walker,"$34,967,442"
rudygobert,Rudy Gobert,"$34,844,000"
bradleybeal,Bradley Beal,"$33,724,200"
bensimmons,Ben Simmons,"$33,003,936"
pascalsiakam,Pascal Siakam,"$33,003,936"
jrueholiday,Jrue Holiday,"$32,431,333"
blakegriffin,Blake Griffin,"$32,405,817"
kristapsporzingis,Kristaps Porzingis,"$31,650,600"
karlanthonytowns,Karl-Anthony Towns,"$31,650,600"
devinbooker,Devin Booker,"$31,650,600"
nikolajokic,Nikola Jokic,"$31,579,390"
andrewwiggins,Andrew Wiggins,"$31,579,390"
joelembiid,Joel Embiid,"$31,579,390"
kevinlove,Kevin Love,"$31,258,256"
cjmccollum,CJ McCollum,"$30,864,198"
chrispaul,Chris Paul,"$30,800,000"
dangelorussell,D'Angelo Russell,"$30,013,500"
gordonhayward,Gordon Hayward,"$29,925,000"
jamalmurray,Jamal Murray,"$29,467,800"
brandoningram,Brandon Ingram,"$29,467,800"
jaysontatum,Jayson Tatum,"$28,103,500"
bamadebayo,Bam Adebayo,"$28,103,500"
deaaronfox,De'Aaron Fox,"$28,103,500"
donovanmitchell,Donovan Mitchell,"$28,103,500"
alhorford,Al Horford,"$27,000,000"
kylelowry,Kyle Lowry,"$26,984,128"
jaylenbrown,Jaylen Brown,"$26,758,928"
demarderozan,DeMar DeRozan,"$26,000,000"
draymondgreen,Draymond Green,"$24,026,712"
nikolavucevic,Nikola Vucevic,"$24,000,000"
buddyhield,Buddy Hield,"$23,073,234"
johncollins,John Collins,"$23,000,000"
juliusrandle,Julius Randle,"$21,780,000"
malcolmbrogdon,Malcolm Brogdon,"$21,700,000"
timhardawayjr,Tim Hardaway Jr,"$21,306,816"
mikeconley,Mike Conley,"$21,000,000"
garyharris,Gary Harris,"$20,932,143"
danilogallinari,Danilo Gallinari,"$20,475,000"
harrisonbarnes,Harrison Barnes,"$20,284,091"
jeramigrant,Jerami Grant,"$20,002,500"
jarrettallen,Jarrett Allen,"$20,000,000"
fredvanvleet,Fred VanVleet,"$19,675,926"
zachlavine,Zach LaVine,"$19,500,000"
gorandragic,Goran Dragic,"$19,440,000"
bojanbogdanovic,Bojan Bogdanovic,"$18,700,000"
lonzoball,Lonzo Ball,"$18,604,651"
clintcapela,Clint Capela,"$18,603,448"
domantassabonis,Domantas Sabonis,"$18,500,000"
ericgordon,Eric Gordon,"$18,218,818"
ericbledsoe,Eric Bledsoe,"$18,125,000"
bogdanbogdanovic,Bogdan Bogdanovic,"$18,000,000"
mylesturner,Myles Turner,"$18,000,000"
terryrozier,Terry Rozier,"$17,905,263"
rickyrubio,Ricky Rubio,"$17,800,000"
carislevert,Caris LeVert,"$17,500,000"
jonathanisaac,Jonathan Isaac,"$17,400,000"
joeharris,Joe Harris,"$17,357,143"
evanfournier,Evan Fournier,"$17,142,857"
spencerdinwiddie,Spencer Dinwiddie,"$17,142,857"
stevenadams,Steven Adams,"$17,073,171"
markellefultz,Markelle Fultz,"$16,500,000"
aarongordon,Aaron Gordon,"$16,409,091"
oganunoby,OG Anunoby,"$16,071,429"
garytrentjr,Gary Trent Jr,"$16,000,000"
davisbertans,Davis Bertans,"$16,000,000"
laurimarkkanen,Lauri Markkanen,"$15,690,909"
derrickwhite,Derrick White,"$15,678,571"
duncanrobinson,Duncan Robinson,"$15,650,000"
marcusmorris,Marcus Morris,"$15,627,907"
willbarton,Will Barton,"$15,625,000"
normanpowell,Norman Powell,"$15,517,242"
dejountemurray,Dejounte Murray,"$15,428,880"
malikbeasley,Malik Beasley,"$14,491,964"
marcussmart,Marcus Smart,"$14,339,285"
patrickbeverley,Patrick Beverley,"$14,320,987"
thaddeusyoung,Thaddeus Young,"$14,190,000"
jonasvalanciunas,Jonas Valanciunas,"$14,000,000"
dougmcdermott,Doug McDermott,"$13,750,000"
christianwood,Christian Wood,"$13,666,667"
derrickrose,Derrick Rose,"$13,445,120"
brooklopez,Brook Lopez,"$13,302,325"
kentaviouscaldwellpope,Kentavious Caldwell-Pope,"$13,038,862"
joeingles,Joe Ingles,"$13,036,364"
kylekuzma,Kyle Kuzma,"$13,000,000"
taureanprince,Taurean Prince,"$13,000,000"
robertcovington,Robert Covington,"$12,975,471"
tjwarren,TJ Warren,"$12,940,000"
lukekennard,Luke Kennard,"$12,727,273"
deandreayton,Deandre Ayton,"$12,632,950"
terrenceross,Terrence Ross,"$12,500,000"
jordanclarkson,Jordan Clarkson,"$12,420,000"
dillonbrooks,Dillon Brooks,"$12,200,000"
kellyolynyk,Kelly Olynyk,"$12,195,122"
nicolasbatum,Nicolas Batum,"$12,026,998"
joshhart,Josh Hart,"$12,000,000"
kellyoubre,Kelly Oubre,"$12,000,000"
jusufnurkic,Jusuf Nurkic,"$12,000,000"
joshrichardson,Josh Richardson,"$11,615,328"
marvinbagley,Marvin Bagley,"$11,312,114"
dwightpowell,Dwight Powell,"$11,080,125"
devontegraham,Devonte Graham,"$11,000,000"
zionwilliamson,Zion Williamson,"$10,733,400"
larrynancejr,Larry Nance Jr,"$10,690,909"
deandrejordan,DeAndre Jordan,"$10,517,224"
jeremylamb,Jeremy Lamb,"$10,500,000"
reggiejackson,Reggie Jackson,"$10,384,500"
richaunholmes,Richaun Holmes,"$10,384,500"
anthonyedwards,Anthony Edwards,"$10,245,480"
alfarouqaminu,Al-Farouq Aminu,"$10,183,800"
lukadoncic,Luka Doncic,"$10,174,391"
cadecunningham,Cade Cunningham,"$10,050,120"
dannygreen,Danny Green,"$10,000,000"
tomassatoransky,Tomas Satoransky,"$10,000,000"
kyleanderson,Kyle Anderson,"$9,937,150"
derrickfavors,Derrick Favors,"$9,720,900"
jaecrowder,Jae Crowder,"$9,720,900"
derrickjones,Derrick Jones,"$9,720,900"
sergeibaka,Serge Ibaka,"$9,720,900"
tristanthompson,Tristan Thompson,"$9,720,900"
montrezlharrell,Montrezl Harrell,"$9,720,900"
jamorant,Ja Morant,"$9,603,360"
reggiebullock,Reggie Bullock,"$9,536,000"
alecburks,Alec Burks,"$9,536,000"
talenhortontucker,Talen Horton-Tucker,"$9,500,000"
masonplumlee,Mason Plumlee,"$9,248,333"
jarenjacksonjr,Jaren Jackson Jr,"$9,180,560"
jameswiseman,James Wiseman,"$9,166,800"
jalengreen,Jalen Green,"$8,992,080"
maxikleber,Maxi Kleber,"$8,825,000"
deanthonymelton,De'Anthony Melton,"$8,805,976"
nerlensnoel,Nerlens Noel,"$8,800,000"
royceoneale,Royce O'Neale,"$8,800,000"
jakobpoeltl,Jakob Poeltl,"$8,750,000"
thomasbryant,Thomas Bryant,"$8,666,667"
rjbarrett,RJ Barrett,"$8,623,920"
alexcaruso,Alex Caruso,"$8,600,000"
delonwright,Delon Wright,"$8,526,316"
dariosaric,Dario Saric,"$8,510,000"
montemorris,Monte Morris,"$8,449,074"
tyusjones,Tyus Jones,"$8,376,286"
traeyoung,Trae Young,"$8,326,471"
danieltheis,Daniel Theis,"$8,280,351"
lameloball,LaMelo Ball,"$8,231,760"
sethcurry,Seth Curry,"$8,207,518"
jamychalgreen,JaMychal Green,"$8,200,000"
cediosman,Cedi Osman,"$8,133,334"
evanmobley,Evan Mobley,"$8,075,160"
deandrehunter,De'Andre Hunter,"$7,775,400"
mobamba,Mo Bamba,"$7,568,743"
ivicazubac,Ivica Zubac,"$7,518,518"
tjmcconnell,TJ McConnell,"$7,500,000"
rajonrondo,Rajon Rondo,"$7,500,000"
patrickwilliams,Patrick Williams,"$7,422,000"
coryjoseph,Cory Joseph,"$7,310,000"
scottiebarnes,Scottie Barnes,"$7,280,400"
dariusgarland,Darius Garland,"$7,040,880"
chrisboucher,Chris Boucher,"$7,020,000"
pjtucker,PJ Tucker,"$7,000,000"
zachcollins,Zach Collins,"$7,000,000"
djaugustin,DJ Augustin,"$7,000,000"
wendellcarter,Wendell Carter,"$6,920,027"
juanhernangomez,Juan Hernangomez,"$6,907,815"
isaacokoro,Isaac Okoro,"$6,720,720"
jalensuggs,Jalen Suggs,"$6,592,920"
cameronpayne,Cameron Payne,"$6,500,000"
joakimnoah,Joakim Noah,"$6,431,666"
jarrettculver,Jarrett Culver,"$6,395,160"
khembirch,Khem Birch,"$6,350,000"
collinsexton,Collin Sexton,"$6,349,671"
onyekaokongwu,Onyeka Okongwu,"$6,104,280"
justinholiday,Justin Holiday,"$6,006,420"
joshgiddey,Josh Giddey,"$5,988,000"
patrickmills,Patrick Mills,"$5,890,000"
rudygay,Rudy Gay,"$5,890,000"
dennisschroeder,Dennis Schroeder,"$5,890,000"
kevinknox,Kevin Knox,"$5,845,978"
cobywhite,Coby White,"$5,837,760"
timofeymozgov,Timofey Mozgov,"$5,573,333"
killianhayes,Killian Hayes,"$5,572,680"
mikalbridges,Mikal Bridges,"$5,557,725"
shaigilgeousalexander,Shai Gilgeous-Alexander,"$5,495,532"
jonathankuminga,Jonathan Kuminga,"$5,466,360"
milesbridges,Miles Bridges,"$5,421,493"
jaxsonhayes,Jaxson Hayes,"$5,348,280"
patconnaughton,Pat Connaughton,"$5,333,334"
georgehill,George Hill,"$5,275,491"
michaelporter,Michael Porter,"$5,258,735"
dewaynededmon,Dewayne Dedmon,"$5,256,308"
ryananderson,Ryan Anderson,"$5,214,583"
hamidoudiallo,Hamidou Diallo,"$5,200,000"
kevonlooney,Kevon Looney,"$5,178,572"
troybrown,Troy Brown,"$5,170,564"
obitoppin,Obi Toppin,"$5,105,160"
franzwagner,Franz Wagner,"$5,007,840"
joshjackson,Josh Jackson,"$5,005,350"
krisdunn,Kris Dunn,"$5,005,350"
kendricknunn,Kendrick Nunn,"$5,000,000"
louiswilliams,Louis Williams,"$5,000,000"
luoldeng,Luol Deng,"$5,000,000"
robinlopez,Robin Lopez,"$5,000,000"
javalemcgee,JaVale McGee,"$5,000,000"
ruihachimura,Rui Hachimura,"$4,916,160"
garretttemple,Garrett Temple,"$4,910,000"
tajgibson,Taj Gibson,"$4,910,000"
torreycraig,Torrey Craig,"$4,878,049"
brucebrown,Bruce Brown,"$4,736,102"
deniavdija,Deni Avdija,"$4,692,840"
dontedivincenzo,Donte DiVincenzo,"$4,675,830"
camreddish,Cam Reddish,"$4,670,160"
davidnwaba,David Nwaba,"$4,650,000"
furkankorkmaz,Furkan Korkmaz,"$4,629,630"
davionmitchell,Davion Mitchell,"$4,603,200"
ishmaelsmith,Ishmael Smith,"$4,500,000"
jeffgreen,Jeff Green,"$4,500,000"
brynforbes,Bryn Forbes,"$4,500,000"
chandlerhutchison,Chandler Hutchison,"$4,482,088"
jalensmith,Jalen Smith,"$4,458,000"
lonniewalker,Lonnie Walker,"$4,453,617"
cameronjohnson,Cameron Johnson,"$4,437,000"
ziairewilliams,Ziaire Williams,"$4,373,040"
bobbyportis,Bobby Portis,"$4,347,600"
moeharkless,Moe Harkless,"$4,347,600"
kevinhuerter,Kevin Huerter,"$4,253,357"
devinvassell,Devin Vassell,"$4,235,160"
pjwashington,PJ Washington,"$4,215,120"
jamesbouknight,James Bouknight,"$4,154,400"
williecauleystein,Willie Cauley-Stein,"$4,100,000"
joshokogie,Josh Okogie,"$4,087,904"
graysonallen,Grayson Allen,"$4,054,695"
jarredvanderbilt,Jarred Vanderbilt,"$4,050,000"
tyresehaliburton,Tyrese Haliburton,"$4,023,600"
tylerherro,Tyler Herro,"$4,004,280"
terencedavis,Terence Davis,"$4,000,000"
gorguidieng,Gorgui Dieng,"$4,000,000"
dorianfinneysmith,Dorian Finney-Smith,"$4,000,000"
aaronholiday,Aaron Holiday,"$3,980,551"
joshprimo,Josh Primo,"$3,946,800"
jakelayman,Jake Layman,"$3,940,184"
anferneesimons,Anfernee Simons,"$3,938,818"
justisewinslow,Justise Winslow,"$3,902,439"
danuelhouse,Danuel House,"$3,894,000"
kiralewis,Kira Lewis,"$3,822,240"
romeolangford,Romeo Langford,"$3,804,360"
landryshamet,Landry Shamet,"$3,768,342"
chrisduarte,Chris Duarte,"$3,749,400"
alexlen,Alex Len,"$3,732,000"
gabrieldeck,Gabriel Deck,"$3,676,852"
sekoudoumbouya,Sekou Doumbouya,"$3,671,509"
robertwilliams,Robert Williams,"$3,661,976"
jevoncarter,Jevon Carter,"$3,650,000"
aaronnesmith,Aaron Nesmith,"$3,631,200"
mosesmoody,Moses Moody,"$3,562,200"
bobanmarjanovic,Boban Marjanovic,"$3,500,000"
mikemuscala,Mike Muscala,"$3,500,000"
coleanthony,Cole Anthony,"$3,449,400"
lukasamanic,Luka Samanic,"$3,421,709"
coreykispert,Corey Kispert,"$3,383,640"
georgesniang,Georges Niang,"$3,300,000"
michaelcarterwilliams,Michael Carter-Williams,"$3,300,000"
isaiahstewart,Isaiah Stewart,"$3,277,080"
chumaokeke,Chuma Okeke,"$3,277,080"
nickeilalexanderwalker,Nickeil Alexander-Walker,"$3,261,480"
alperensengun,Alperen Sengun,"$3,214,680"
facundocampazzo,Facundo Campazzo,"$3,200,000"
jonleuer,Jon Leuer,"$3,169,348"
treyburke,Trey Burke,"$3,150,000"
aleksejpokusevski,Aleksej Pokusevski,"$3,113,160"
gogabitadze,Goga Bitadze,"$3,098,400"
treymurphy,Trey Murphy,"$3,053,760"
sterlingbrown,Sterling Brown,"$3,000,000"
frankjackson,Frank Jackson,"$3,000,000"
joshgreen,Josh Green,"$2,957,520"
tremann,Tre Mann,"$2,901,240"
andrewnicholson,Andrew Nicholson,"$2,844,429"
matissethybulle,Matisse Thybulle,"$2,840,160"
saddiqbey,Saddiq Bey,"$2,824,320"
kaijones,Kai Jones,"$2,770,560"
brandonclarke,Brandon Clarke,"$2,726,880"
preciousachiuwa,Precious Achiuwa,"$2,711,280"
marcgasol,Marc Gasol,"$2,692,991"
jalenjohnson,Jalen Johnson,"$2,659,680"
eneskanter,Enes Kanter,"$2,641,691"
lamarcusaldridge,LaMarcus Aldridge,"$2,641,691"
jamesjohnson,James Johnson,"$2,641,691"
paulmillsap,Paul Millsap,"$2,641,691"
eddavis,Ed Davis,"$2,641,691"
andreiguodala,Andre Iguodala,"$2,641,691"
carmeloanthony,Carmelo Anthony,"$2,641,691"
trevorariza,Trevor Ariza,"$2,641,691"
averybradley,Avery Bradley,"$2,641,691"
wayneellington,Wayne Ellington,"$2,641,691"
dwighthoward,Dwight Howard,"$2,641,691"
udonishaslem,Udonis Haslem,"$2,641,691"
markieffmorris,Markieff Morris,"$2,641,691"
etwaunmoore,E'Twaun Moore,"$2,641,691"
grantwilliams,Grant Williams,"$2,617,800"
tyresemaxey,Tyrese Maxey,"$2,602,920"
keonjohnson,Keon Johnson,"$2,553,240"
dariusbazley,Darius Bazley,"$2,513,040"
treylyles,Trey Lyles,"$2,500,000"
zekennaji,Zeke Nnaji,"$2,498,760"
isaiahjackson,Isaiah Jackson,"$2,451,240"
tyjerome,Ty Jerome,"$2,412,840"
austinrivers,Austin Rivers,"$2,401,537"
kentbazemore,Kent Bazemore,"$2,401,537"
andredrummond,Andre Drummond,"$2,401,537"
hassanwhiteside,Hassan Whiteside,"$2,401,537"
solomonhill,Solomon Hill,"$2,389,641"
ottoporter,Otto Porter,"$2,389,641"
victoroladipo,Victor Oladipo,"$2,389,641"
benmclemore,Ben McLemore,"$2,389,641"
tonysnell,Tony Snell,"$2,389,641"
codyzeller,Cody Zeller,"$2,389,641"
usmangaruba,Usman Garuba,"$2,353,320"
leandrobolmaro,Leandro Bolmaro,"$2,353,320"
jabariparker,Jabari Parker,"$2,339,544"
willyhernangomez,Willy Hernangomez,"$2,327,220"
edmondsumner,Edmond Sumner,"$2,320,000"
nassirlittle,Nassir Little,"$2,316,240"
rjhampton,RJ Hampton,"$2,303,040"
joshchristopher,Josh Christopher,"$2,259,240"
montaellis,Monta Ellis,"$2,245,400"
rodneyhood,Rodney Hood,"$2,239,544"
elfridpayton,Elfrid Payton,"$2,239,544"
dylanwindler,Dylan Windler,"$2,239,200"
immanuelquickley,Immanuel Quickley,"$2,210,640"
johnkonchar,John Konchar,"$2,200,000"
quentingrimes,Quentin Grimes,"$2,168,640"
jordanpoole,Jordan Poole,"$2,161,440"
bolbol,Bol Bol,"$2,161,152"
keldonjohnson,Keldon Johnson,"$2,145,720"
paytonpritchard,Payton Pritchard,"$2,137,440"
jahlilokafor,Jahlil Okafor,"$2,130,023"
boneshyland,Bones Hyland,"$2,096,880"
nemanjabjelica,Nemanja Bjelica,"$2,089,448"
frankkaminsky,Frank Kaminsky,"$2,089,448"
raulneto,Raul Neto,"$2,089,448"
udokaazubuike,Udoka Azubuike,"$2,075,880"
jadenmcdaniels,Jaden McDaniels,"$2,063,280"
malachiflynn,Malachi Flynn,"$2,048,040"
camthomas,Cam Thomas,"$2,036,280"
desmondbane,Desmond Bane,"$2,033,160"
jadenspringer,Jaden Springer,"$2,023,680"
dayronsharpe,Day'Ron Sharpe,"$2,009,160"
demarcuscousins,DeMarcus Cousins,"$2,004,045"
jordanmclaughlin,Jordan McLaughlin,"$2,000,000"
jeremiahrobinsonearl,Jeremiah Robinson-Earl,"$2,000,000"
kenrichwilliams,Kenrich Williams,"$2,000,000"
theomaledon,Theo Maledon,"$2,000,000"
abdelnader,Abdel Nader,"$2,000,000"
santiagoaldama,Santiago Aldama,"$1,994,520"
damianjones,Damian Jones,"$1,977,011"
wesleymatthews,Wesley Matthews,"$1,958,495"
denzelvalentine,Denzel Valentine,"$1,939,350"
timotheluwawu,Timothe Luwawu,"$1,939,350"
rodneymcgruder,Rodney McGruder,"$1,939,350"
pjdozier,PJ Dozier,"$1,910,860"
damionlee,Damion Lee,"$1,910,860"
larrysanders,Larry Sanders,"$1,865,546"
shakemilton,Shake Milton,"$1,846,738"
wesleyiwundu,Wesley Iwundu,"$1,824,003"
jalenbrunson,Jalen Brunson,"$1,802,057"
mitchellrobinson,Mitchell Robinson,"$1,802,057"
tonybradley,Tony Bradley,"$1,789,256"
frankntilikina,Frank Ntilikina,"$1,789,256"
malikmonk,Malik Monk,"$1,789,256"
semiojeleye,Semi Ojeleye,"$1,789,256"
dennissmith,Dennis Smith,"$1,789,256"
didilouzada,Didi Louzada,"$1,786,878"
kevinporter,Kevin Porter,"$1,782,621"
jalenmcdaniels,Jalen McDaniels,"$1,782,621"
terancemann,Terance Mann,"$1,782,621"
jaylennowell,Jaylen Nowell,"$1,782,621"
nazreid,Naz Reid,"$1,782,621"
isaiahroby,Isaiah Roby,"$1,782,621"
danielgafford,Daniel Gafford,"$1,782,621"
brunofernando,Bruno Fernando,"$1,782,621"
nicolasclaxton,Nicolas Claxton,"$1,782,621"
codymartin,Cody Martin,"$1,782,621"
deanwade,Dean Wade,"$1,782,621"
vlatkocancar,Vlatko Cancar,"$1,782,621"
carsenedwards,Carsen Edwards,"$1,782,621"
kzokpala,KZ Okpala,"$1,782,621"
luguentzdort,Luguentz Dort,"$1,782,621"
miyeoni,Miye Oni,"$1,782,621"
ericpaschall,Eric Paschall,"$1,782,621"
dreweubanks,Drew Eubanks,"$1,762,796"
chimeziemetu,Chimezie Metu,"$1,762,796"
yutawatanabe,Yuta Watanabe,"$1,762,796"
alizejohnson,Alize Johnson,"$1,729,217"
thanasisantetokounmpo,Thanasis Antetokounmpo,"$1,729,217"
keitabatesdiop,Keita Bates-Diop,"$1,729,217"
sviatoslavmykhailiuk,Sviatoslav Mykhailiuk,"$1,729,217"
bradwanamaker,Brad Wanamaker,"$1,729,217"
isaiahhartenstein,Isaiah Hartenstein,"$1,729,217"
moritzwagner,Moritz Wagner,"$1,729,217"
isaacbonga,Isaac Bonga,"$1,729,217"
mosesbrown,Moses Brown,"$1,701,593"
juantoscanoanderson,Juan Toscano-Anderson,"$1,701,593"
oshaebrissett,Oshae Brissett,"$1,701,593"
kelanmartin,Kelan Martin,"$1,701,593"
herbjones,Herb Jones,"$1,700,000"
javontegreen,Javonte Green,"$1,669,178"
maxstrus,Max Strus,"$1,669,178"
gabevincent,Gabe Vincent,"$1,669,178"
kevinpangos,Kevin Pangos,"$1,669,178"
deandrebembry,DeAndre Bembry,"$1,669,178"
mattthomas,Matt Thomas,"$1,669,178"
garypaytonii,Gary Payton II,"$1,669,178"
wayneselden,Wayne Selden,"$1,669,178"
vernoncarey,Vernon Carey,"$1,517,981"
nickrichards,Nick Richards,"$1,517,981"
lamarstevens,Lamar Stevens,"$1,517,981"
tyrellterry,Tyrell Terry,"$1,517,981"
kjmartin,KJ Martin,"$1,517,981"
xaviertillman,Xavier Tillman,"$1,517,981"
najimarshall,Naji Marshall,"$1,517,981"
isaiahjoe,Isaiah Joe,"$1,517,981"
paulreed,Paul Reed,"$1,517,981"
robertwoodard,Robert Woodard,"$1,517,981"
trejones,Tre Jones,"$1,517,981"
deividassirvydis,Deividas Sirvydis,"$1,517,981"
jaeseantate,Jae'Sean Tate,"$1,517,981"
sammerrill,Sam Merrill,"$1,517,981"
danieloturu,Daniel Oturu,"$1,517,981"
jordannwora,Jordan Nwora,"$1,517,981"
cjelleby,CJ Elleby,"$1,517,981"
jahmiusramsey,Jahmi'us Ramsey,"$1,517,981"
elijahhughes,Elijah Hughes,"$1,517,981"
anthonygill,Anthony Gill,"$1,517,981"
isaiahtodd,Isaiah Todd,"$1,500,000"
sabenlee,Saben Lee,"$1,489,065"
armonibrooks,Armoni Brooks,"$1,489,065"
omeryurtseven,Omer Yurtseven,"$1,489,065"
jrsmith,JR Smith,"$1,456,667"
garyclark,Gary Clark,"$1,282,008"
jtthor,JT Thor,"$1,250,000"
demarrecarroll,DeMarre Carroll,"$1,242,340"
zhairesmith,Zhaire Smith,"$1,068,200"
jasonpreston,Jason Preston,"$1,062,303"
isaiahlivers,Isaiah Livers,"$1,057,260"
guerschonyabusele,Guerschon Yabusele,"$1,039,080"
kylesingler,Kyle Singler,"$999,200"
bjboston,BJ Boston,"$925,258"
austinreaves,Austin Reaves,"$925,258"
milesmcbride,Miles McBride,"$925,258"
vitkrejci,Vit Krejci,"$925,258"
charlesbassey,Charles Bassey,"$925,258"
gregbrown,Greg Brown,"$925,258"
jocklandale,Jock Landale,"$925,258"
jaredbutler,Jared Butler,"$925,258"
ayodosunmu,Ayo Dosunmu,"$925,258"
markosimonovic,Marko Simonovic,"$925,258"
lukagarza,Luka Garza,"$925,258"
dalanobanton,Dalano Banton,"$925,258"
patrickpatterson,Patrick Patterson,"$737,067"
ishmailwainright,Ishmail Wainright,"$707,311"
shaunlivingston,Shaun Livingston,"$666,666"
sharifecooper,Sharife Cooper,"$462,629"
skylarmays,Skylar Mays,"$462,629"
samhauser,Sam Hauser,"$462,629"
brodricthomas,Brodric Thomas,"$462,629"
davidduke,David Duke,"$462,629"
kessleredwards,Kessler Edwards,"$462,629"
arnoldaskulboka,Arnoldas Kulboka,"$462,629"
scottielewis,Scottie Lewis,"$462,629"
tylercook,Tyler Cook,"$462,629"
devondotson,Devon Dotson,"$462,629"
tackofall,Tacko Fall,"$462,629"
rjnembhard,RJ Nembhard,"$462,629"
jaquorimclaughlin,JaQuori McLaughlin,"$462,629"
eugeneomoruyi,Eugene Omoruyi,"$462,629"
petrcornelie,Petr Cornelie,"$462,629"
markushoward,Markus Howard,"$462,629"
jamorkopickett,Jamorko Pickett,"$462,629"
seanchrissmith,Sean Chris Smith,"$462,629"
chrischiozza,Chris Chiozza,"$462,629"
jeffdowtin,Jeff Dowtin,"$462,629"
garrisonmathews,Garrison Mathews,"$462,629"
daishennix,Daishen Nix,"$462,629"
duanewashingtonjr,Duane Washington Jr,"$462,629"
amircoffey,Amir Coffey,"$462,629"
jayscrubb,Jay Scrubb,"$462,629"
jayhuff,Jay Huff,"$462,629"
yvespons,Yves Pons,"$462,629"
killiantillie,Killian Tillie,"$462,629"
marcusgarrett,Marcus Garrett,"$462,629"
calebmartin,Caleb Martin,"$462,629"
georgioskalaitzakis,Georgios Kalaitzakis,"$462,629"
sandromamukelashvili,Sandro Mamukelashvili,"$462,629"
nathanknight,Nathan Knight,"$462,629"
mckinleywright,McKinley Wright,"$462,629"
josealvarado,Jose Alvarado,"$462,629"
daultonhommes,Daulton Hommes,"$462,629"
jerichosims,Jericho Sims,"$462,629"
paulwatson,Paul Watson,"$462,629"
aaronwiggins,Aaron Wiggins,"$462,629"
ignasbrazdeikis,Ignas Brazdeikis,"$462,629"
aaronhenry,Aaron Henry,"$462,629"
grantriller,Grant Riller,"$462,629"
keljinblevins,Keljin Blevins,"$462,629"
trendonwatford,Trendon Watford,"$462,629"
louisking,Louis King,"$462,629"
neemiasqueta,Neemias Queta,"$462,629"
devontaecacok,Devontae Cacok,"$462,629"
joewieskamp,Joe Wieskamp,"$462,629"
justinchampagnie,Justin Champagnie,"$462,629"
davidjohnson,David Johnson,"$462,629"
malikfitts,Malik Fitts,"$462,629"
trentforrest,Trent Forrest,"$462,629"
joelayayi,Joel Ayayi,"$462,629"
cassiuswinston,Cassius Winston,"$462,629"
mychalmulder,Mychal Mulder,"$444,017"
chaundeebrown,Chaundee Brown,"$385,524"
javontesmart,Ja'Vonte Smart,"$353,619"
samdekker,Sam Dekker,"$350,000"
terrytaylor,Terry Taylor,"$342,984"
jontayporter,Jontay Porter,"$300,000"
admiralschofield,Admiral Schofield,"$300,000"
langstongalloway,Langston Galloway,"$128,709"
troywilliams,Troy Williams,"$122,741"
stanleyjohnson,Stanley Johnson,"$120,083"
dejonjarreau,DeJon Jarreau,"$119,645"
alfonzomckinnie,Alfonzo McKinnie,"$102,831"
mamadidiakite,Mamadi Diakite,"$100,000"
davonreed,Davon Reed,"$93,136"
demetriusjackson,Demetrius Jackson,"$92,857"
justinrobinson,Justin Robinson,"$74,093"
freddiegillespie,Freddie Gillespie,"$50,000"
